Plot_ID,sp_func,seedling_count_initial,seedling_count_revisit,max_ht_initial,max_ht_revisit,net_seedling_dif,DistPre,Fire,sample_yr_revisit,fire_year,initial_sample_yr,yrs2initial,time_between_samples,Grams,Forbs,ShrubHt,Shrubs,HARDWOOD,FIRE_ID,geom,precip,tmean,elev,heat_load,twi
113,cedar,0,0,NA,NA,0,Inf,CLV,2022,1992,2013,21,9,0,2,419.8131868131868,90,15,CLV,"c(-37542.899928808, 85745.3871883657)",1464.1090087890625,12.260000228881836,1400,0.8389176726341248,5.886104106903076
113,fir,0,0,NA,NA,0,Inf,CLV,2022,1992,2013,21,9,0,2,419.8131868131868,90,15,CLV,"c(-37542.899928808, 85745.3871883657)",1464.1090087890625,12.260000228881836,1400,0.8389176726341248,5.886104106903076
113,pine,0,0,NA,NA,0,Inf,CLV,2022,1992,2013,21,9,0,2,419.8131868131868,90,15,CLV,"c(-37542.899928808, 85745.3871883657)",1464.1090087890625,12.260000228881836,1400,0.8389176726341248,5.886104106903076
114,cedar,0,0,NA,NA,0,Inf,CLV,2022,1992,2013,21,9,0,0,302,94,35,CLV,"c(-37439.5531207822, 85759.03194978)",1464.1090087890625,12.260000228881836,1401,0.8980664014816284,5.376680374145508
114,fir,0,0,NA,NA,0,Inf,CLV,2022,1992,2013,21,9,0,0,302,94,35,CLV,"c(-37439.5531207822, 85759.03194978)",1464.1090087890625,12.260000228881836,1401,0.8980664014816284,5.376680374145508
114,pine,1,1,115,205,0,Inf,CLV,2022,1992,2013,21,9,0,0,302,94,35,CLV,"c(-37439.5531207822, 85759.03194978)",1464.1090087890625,12.260000228881836,1401,0.8980664014816284,5.376680374145508
116,cedar,0,0,NA,NA,0,Inf,CLV,2022,1992,2013,21,9,0,0.25,77,98,0,CLV,"c(-37329.8399128816, 85753.4380489206)",1464.1090087890625,12.260000228881836,1394,0.821660578,6.103636741638184
116,fir,0,0,NA,NA,0,Inf,CLV,2022,1992,2013,21,9,0,0.25,77,98,0,CLV,"c(-37329.8399128816, 85753.4380489206)",1464.1090087890625,12.260000228881836,1394,0.821660578,6.103636741638184
116,pine,0,0,NA,NA,0,Inf,CLV,2022,1992,2013,21,9,0,0.25,77,98,0,CLV,"c(-37329.8399128816, 85753.4380489206)",1464.1090087890625,12.260000228881836,1394,0.821660578,6.103636741638184
117,cedar,0,0,NA,NA,0,Inf,CLV,2022,1992,2013,21,9,0.25,2,229,87,5,CLV,"c(-37180.9771576141, 85753.5738954977)",1465.3560791015625,12.130000114440918,1400,0.9017814993858337,6.181760787963867
117,fir,0,0,NA,NA,0,Inf,CLV,2022,1992,2013,21,9,0.25,2,229,87,5,CLV,"c(-37180.9771576141, 85753.5738954977)",1465.3560791015625,12.130000114440918,1400,0.9017814993858337,6.181760787963867
117,pine,0,0,NA,NA,0,Inf,CLV,2022,1992,2013,21,9,0.25,2,229,87,5,CLV,"c(-37180.9771576141, 85753.5738954977)",1465.3560791015625,12.130000114440918,1400,0.9017814993858337,6.181760787963867
135,cedar,0,0,NA,NA,0,Inf,CLV,2022,1992,2013,21,9,0.25,0.25,98,62,40,CLV,"c(-37536.9590997423, 85866.3853838793)",1499.7620849609375,11.90000057220459,1420,0.8722096085548401,8.016451835632324
135,fir,1,1,7,26,0,Inf,CLV,2022,1992,2013,21,9,0.25,0.25,98,62,40,CLV,"c(-37536.9590997423, 85866.3853838793)",1499.7620849609375,11.90000057220459,1420,0.8722096085548401,8.016451835632324
135,pine,0,0,NA,NA,0,Inf,CLV,2022,1992,2013,21,9,0.25,0.25,98,62,40,CLV,"c(-37536.9590997423, 85866.3853838793)",1499.7620849609375,11.90000057220459,1420,0.8722096085548401,8.016451835632324
136,cedar,0,0,NA,NA,0,Inf,CLV,2022,1992,2013,21,9,0.25,0.25,610,87,70,CLV,"c(-37433.298906686, 85858.9863978988)",1499.7620849609375,11.90000057220459,1423,0.861699104,5.886104106903076
136,fir,0,0,NA,NA,0,Inf,CLV,2022,1992,2013,21,9,0.25,0.25,610,87,70,CLV,"c(-37433.298906686, 85858.9863978988)",1499.7620849609375,11.90000057220459,1423,0.861699104,5.886104106903076
136,pine,0,0,NA,NA,0,59.1,CLV,2022,1992,2013,21,9,0.25,0.25,610,87,70,CLV,"c(-37433.298906686, 85858.9863978988)",1499.7620849609375,11.90000057220459,1423,0.861699104,5.886104106903076
138,cedar,0,0,NA,NA,0,Inf,CLV,2022,1992,2013,21,9,0.25,0.25,286.8333333333333,70,17,CLV,"c(-37323.5530552305, 85854.3929590764)",1499.7620849609375,11.90000057220459,1404,0.8419786095619202,10.294153213500977
138,fir,0,0,NA,NA,0,Inf,CLV,2022,1992,2013,21,9,0.25,0.25,286.8333333333333,70,17,CLV,"c(-37323.5530552305, 85854.3929590764)",1499.7620849609375,11.90000057220459,1404,0.8419786095619202,10.294153213500977
138,pine,0,0,NA,NA,0,Inf,CLV,2022,1992,2013,21,9,0.25,0.25,286.8333333333333,70,17,CLV,"c(-37323.5530552305, 85854.3929590764)",1499.7620849609375,11.90000057220459,1404,0.8419786095619202,10.294153213500977
140,cedar,0,0,NA,NA,0,Inf,CLV,2022,1992,2013,21,9,0,0.25,333,92,8,CLV,"c(-37179.6801643614, 85854.6920370585)",1512.655029296875,11.980000495910645,1420,0.923236072,5.959702014923096
140,fir,0,0,NA,NA,0,Inf,CLV,2022,1992,2013,21,9,0,0.25,333,92,8,CLV,"c(-37179.6801643614, 85854.6920370585)",1512.655029296875,11.980000495910645,1420,0.923236072,5.959702014923096
140,pine,1,2,200,220,1,Inf,CLV,2022,1992,2013,21,9,0,0.25,333,92,8,CLV,"c(-37179.6801643614, 85854.6920370585)",1512.655029296875,11.980000495910645,1420,0.923236072,5.959702014923096
151,cedar,0,0,NA,NA,0,Inf,CLV,2022,1992,2013,21,9,0.25,0.25,164,32,0,CLV,"c(-35904.160518275, 93351.7477050247)",1520.1590576171875,10.790000915527344,1596,0.5835808515548706,5.392729759216309
151,fir,0,2,NA,9,2,66.8,CLV,2022,1992,2013,21,9,0.25,0.25,164,32,0,CLV,"c(-35904.160518275, 93351.7477050247)",1520.1590576171875,10.790000915527344,1596,0.5835808515548706,5.392729759216309
151,pine,1,1,103,238,0,118.9,CLV,2022,1992,2013,21,9,0.25,0.25,164,32,0,CLV,"c(-35904.160518275, 93351.7477050247)",1520.1590576171875,10.790000915527344,1596,0.5835808515548706,5.392729759216309
AMR1300423,cedar,3,25,18,69,22,9.9,American River Complex,2022,2008,2013,5,9,19,10,42.03846153846154,76,0,AMR,"c(-55307.9825560905, 135659.71215715)",1847.5960693359375,10.620000839233398,1687,0.8452661037445068,5.793902874
AMR1300423,fir,0,3,NA,84,3,45.7,American River Complex,2022,2008,2013,5,9,19,10,42.03846153846154,76,0,AMR,"c(-55307.9825560905, 135659.71215715)",1847.5960693359375,10.620000839233398,1687,0.8452661037445068,5.793902874
AMR1300423,pine,69,72,49,49,3,12.1,American River Complex,2022,2008,2013,5,9,19,10,42.03846153846154,76,0,AMR,"c(-55307.9825560905, 135659.71215715)",1847.5960693359375,10.620000839233398,1687,0.8452661037445068,5.793902874
FRD120103,cedar,0,0,NA,NA,0,51.9,Freds,2022,2004,2012,8,10,0,1,NA,7,22,FRD,"c(-26379.2570054985, 84726.7231586692)",1527.4420166015625,11.940000534057617,1385,0.9074035882949829,4.727059364318848
FRD120103,fir,0,0,NA,NA,0,Inf,Freds,2022,2004,2012,8,10,0,1,NA,7,22,FRD,"c(-26379.2570054985, 84726.7231586692)",1527.4420166015625,11.940000534057617,1385,0.9074035882949829,4.727059364318848
FRD120103,pine,1,1,35,103,0,64.5,Freds,2022,2004,2012,8,10,0,1,NA,7,22,FRD,"c(-26379.2570054985, 84726.7231586692)",1527.4420166015625,11.940000534057617,1385,0.9074035882949829,4.727059364318848
FRD130026,cedar,0,0,NA,NA,0,43.5,Freds,2022,2004,2013,9,9,3,1,62.0625,70,5,FRD,"c(-26580.8878196164, 85523.55232157)",1623.466064453125,10.820000648498535,1666,0.8945709466934204,10.68522834777832
FRD130026,fir,0,0,NA,NA,0,78.3,Freds,2022,2004,2013,9,9,3,1,62.0625,70,5,FRD,"c(-26580.8878196164, 85523.55232157)",1623.466064453125,10.820000648498535,1666,0.8945709466934204,10.68522834777832
FRD130026,pine,0,0,NA,NA,0,27.3,Freds,2022,2004,2013,9,9,3,1,62.0625,70,5,FRD,"c(-26580.8878196164, 85523.55232157)",1623.466064453125,10.820000648498535,1666,0.8945709466934204,10.68522834777832
FRD1309010,cedar,1,1,30,75,0,14.1,Freds,2022,2004,2013,9,9,1,0.25,84.5,25,0,FRD,"c(-29778.0751530598, 86124.1000754172)",1670.745117,10.230000495910645,1879,0.9502853751182556,5.469046115875244
FRD1309010,fir,0,3,NA,17,3,37.7,Freds,2022,2004,2013,9,9,1,0.25,84.5,25,0,FRD,"c(-29778.0751530598, 86124.1000754172)",1670.745117,10.230000495910645,1879,0.9502853751182556,5.469046115875244
FRD1309010,pine,10,7,78,80.5,-3,11.9,Freds,2022,2004,2013,9,9,1,0.25,84.5,25,0,FRD,"c(-29778.0751530598, 86124.1000754172)",1670.745117,10.230000495910645,1879,0.9502853751182556,5.469046115875244
GON002,cedar,0,0,NA,NA,0,NA,GON,2019,2002,2008,6,11,0.5,0.5,68,75,NA,GON,"c(7072.20367749022, 104247.451648307)",789.0440673828125,5.630000114440918,2247,0.8092010021209717,5.068429470062256
GON002,fir,0,1,NA,22,1,21,GON,2019,2002,2008,6,11,0.5,0.5,68,75,NA,GON,"c(7072.20367749022, 104247.451648307)",789.0440673828125,5.630000114440918,2247,0.8092010021209717,5.068429470062256
GON002,pine,0,0,NA,NA,0,0,GON,2019,2002,2008,6,11,0.5,0.5,68,75,NA,GON,"c(7072.20367749022, 104247.451648307)",789.0440673828125,5.630000114440918,2247,0.8092010021209717,5.068429470062256
GON006,cedar,0,0,NA,NA,0,NA,GON,2019,2002,2008,6,11,0.5,1,70,17.5,NA,GON,"c(6468.8887912145, 104096.689782797)",762.13201904296875,6.950000286102295,2098,0.6027364134788513,6.8313188552856445
GON006,fir,14,26,5.08,112,12,8.2,GON,2019,2002,2008,6,11,0.5,1,70,17.5,NA,GON,"c(6468.8887912145, 104096.689782797)",762.13201904296875,6.950000286102295,2098,0.6027364134788513,6.8313188552856445
GON006,pine,2,5,6.35,30,3,21.7,GON,2019,2002,2008,6,11,0.5,1,70,17.5,NA,GON,"c(6468.8887912145, 104096.689782797)",762.13201904296875,6.950000286102295,2098,0.6027364134788513,6.8313188552856445
GON007,cedar,0,0,NA,NA,0,NA,GON,2019,2002,2008,6,11,2,1,33,80,NA,GON,"c(6324.52537768404, 104052.118582336)",762.13201904296875,6.950000286102295,2105,0.6943331360816956,4.094205856323242
GON007,fir,0,0,NA,NA,0,69,GON,2019,2002,2008,6,11,2,1,33,80,NA,GON,"c(6324.52537768404, 104052.118582336)",762.13201904296875,6.950000286102295,2105,0.6943331360816956,4.094205856323242
GON007,pine,7,1,88.9,208,-6,21,GON,2019,2002,2008,6,11,2,1,33,80,NA,GON,"c(6324.52537768404, 104052.118582336)",762.13201904296875,6.950000286102295,2105,0.6943331360816956,4.094205856323242
GON019,cedar,0,0,NA,NA,0,NA,GON,2019,2002,2008,6,11,NA,0.5,30,25,NA,GON,"c(8085.98118531141, 104172.719188417)",807.8590087890625,5.260000228881836,2465,0.7787219882011414,6.4849324226379395
GON019,fir,0,3,NA,36.5,3,133,GON,2019,2002,2008,6,11,NA,0.5,30,25,NA,GON,"c(8085.98118531141, 104172.719188417)",807.8590087890625,5.260000228881836,2465,0.7787219882011414,6.4849324226379395
GON019,pine,0,0,NA,NA,0,NA,GON,2019,2002,2008,6,11,NA,0.5,30,25,NA,GON,"c(8085.98118531141, 104172.719188417)",807.8590087890625,5.260000228881836,2465,0.7787219882011414,6.4849324226379395
GON020,cedar,0,0,NA,NA,0,NA,GON,2019,2002,2008,6,11,NA,0.5,15,60,NA,GON,"c(7867.72605234029, 104151.940383901)",807.8590087890625,5.260000228881836,2417,0.7401236295700073,5.856969833374023
GON020,fir,1,6,11.43,36,5,121,GON,2019,2002,2008,6,11,NA,0.5,15,60,NA,GON,"c(7867.72605234029, 104151.940383901)",807.8590087890625,5.260000228881836,2417,0.7401236295700073,5.856969833374023
GON020,pine,1,4,7.62,52,3,NA,GON,2019,2002,2008,6,11,NA,0.5,15,60,NA,GON,"c(7867.72605234029, 104151.940383901)",807.8590087890625,5.260000228881836,2417,0.7401236295700073,5.856969833374023
GON022,cedar,0,0,NA,NA,0,NA,GON,2019,2002,2008,6,11,NA,NA,145,2,NA,GON,"c(7442.60296569253, 104110.910481036)",789.0440673828125,5.630000114440918,2306,0.7485167980194092,10.934698104858398
GON022,fir,16,1,40.64,19,-15,97.5,GON,2019,2002,2008,6,11,NA,NA,145,2,NA,GON,"c(7442.60296569253, 104110.910481036)",789.0440673828125,5.630000114440918,2306,0.7485167980194092,10.934698104858398
GON022,pine,1,0,25.4,NA,-1,NA,GON,2019,2002,2008,6,11,NA,NA,145,2,NA,GON,"c(7442.60296569253, 104110.910481036)",789.0440673828125,5.630000114440918,2306,0.7485167980194092,10.934698104858398
GON026,cedar,0,0,NA,NA,0,NA,GON,2019,2002,2008,6,11,0.35,12,12,17,NA,GON,"c(7316.76795631859, 103899.226961972)",789.0440673828125,5.630000114440918,2377,0.6377259492874146,7.506569862365723
GON026,fir,0,0,NA,NA,0,0,GON,2019,2002,2008,6,11,0.35,12,12,17,NA,GON,"c(7316.76795631859, 103899.226961972)",789.0440673828125,5.630000114440918,2377,0.6377259492874146,7.506569862365723
GON026,pine,0,0,NA,NA,0,15.5,GON,2019,2002,2008,6,11,0.35,12,12,17,NA,GON,"c(7316.76795631859, 103899.226961972)",789.0440673828125,5.630000114440918,2377,0.6377259492874146,7.506569862365723
GON027,cedar,0,0,NA,NA,0,NA,GON,2019,2002,2008,6,11,NA,2,67,38,NA,GON,"c(8562.75756457017, 104414.078422418)",690.4520263671875,5.670000076293945,2542,0.5914559960365295,4.811096191
GON027,fir,3,12,NA,84,9,80,GON,2019,2002,2008,6,11,NA,2,67,38,NA,GON,"c(8562.75756457017, 104414.078422418)",690.4520263671875,5.670000076293945,2542,0.5914559960365295,4.811096191
GON027,pine,0,2,NA,53,2,201,GON,2019,2002,2008,6,11,NA,2,67,38,NA,GON,"c(8562.75756457017, 104414.078422418)",690.4520263671875,5.670000076293945,2542,0.5914559960365295,4.811096191
GON040,cedar,0,0,NA,NA,0,NA,GON,2019,2002,2008,6,11,0.5,65,140,3,NA,GON,"c(7720.069243893, 104313.37898325)",700.02203369140625,5.850000381469727,2321,0.836212158,7.054704666137695
GON040,fir,0,3,NA,49,3,27,GON,2019,2002,2008,6,11,0.5,65,140,3,NA,GON,"c(7720.069243893, 104313.37898325)",700.02203369140625,5.850000381469727,2321,0.836212158,7.054704666137695
GON040,pine,0,0,NA,NA,0,53.5,GON,2019,2002,2008,6,11,0.5,65,140,3,NA,GON,"c(7720.069243893, 104313.37898325)",700.02203369140625,5.850000381469727,2321,0.836212158,7.054704666137695
GON041,cedar,0,0,NA,NA,0,NA,GON,2019,2002,2008,6,11,NA,NA,53,30,NA,GON,"c(8765.81942375899, 104209.506124025)",800.07501220703125,4.730000019073486,2513,0.5224846601486206,6.659694671630859
GON041,fir,0,2,NA,5,2,0,GON,2019,2002,2008,6,11,NA,NA,53,30,NA,GON,"c(8765.81942375899, 104209.506124025)",800.07501220703125,4.730000019073486,2513,0.5224846601486206,6.659694671630859
GON041,pine,0,1,NA,4,1,14.5,GON,2019,2002,2008,6,11,NA,NA,53,30,NA,GON,"c(8765.81942375899, 104209.506124025)",800.07501220703125,4.730000019073486,2513,0.5224846601486206,6.659694671630859
GON043,cedar,0,0,NA,NA,0,NA,GON,2019,2002,2008,6,11,NA,0.5,21,44,NA,GON,"c(8494.477976684, 104267.827901689)",690.4520263671875,5.670000076293945,2578,0.613254726,4.724420547485352
GON043,fir,20,25,10.16,0.94,5,38,GON,2019,2002,2008,6,11,NA,0.5,21,44,NA,GON,"c(8494.477976684, 104267.827901689)",690.4520263671875,5.670000076293945,2578,0.613254726,4.724420547485352
GON043,pine,1,0,3.81,NA,-1,70,GON,2019,2002,2008,6,11,NA,0.5,21,44,NA,GON,"c(8494.477976684, 104267.827901689)",690.4520263671875,5.670000076293945,2578,0.613254726,4.724420547485352
NW_5,cedar,0,0,NA,NA,0,Inf,MNL,2022,2007,2014,7,8,10,7,45.94512195121951,83,31,MNL,"c(-54077.281782357, 248795.581244725)",795.0720215,7.450000286102295,1962,0.8623831272125244,6.1337080001831055
NW_5,fir,1,2,15,24,1,Inf,MNL,2022,2007,2014,7,8,10,7,45.94512195121951,83,31,MNL,"c(-54077.281782357, 248795.581244725)",795.0720215,7.450000286102295,1962,0.8623831272125244,6.1337080001831055
NW_5,pine,0,3,NA,7.5,3,23.8,MNL,2022,2007,2014,7,8,10,7,45.94512195121951,83,31,MNL,"c(-54077.281782357, 248795.581244725)",795.0720215,7.450000286102295,1962,0.8623831272125244,6.1337080001831055
PNP1000008,cedar,0,1,NA,138,1,Inf,Pendola,2022,1999,2010,11,12,0,0.25,4.5,15,90,PNP,"c(-100431.113591322, 157151.8386424)",1696.249023,14.870000839233398,621,0.8234681487083435,6.009334564208984
PNP1000008,fir,0,2,NA,39,2,18.7,Pendola,2022,1999,2010,11,12,0,0.25,4.5,15,90,PNP,"c(-100431.113591322, 157151.8386424)",1696.249023,14.870000839233398,621,0.8234681487083435,6.009334564208984
PNP1000008,pine,0,0,NA,NA,0,66.9,Pendola,2022,1999,2010,11,12,0,0.25,4.5,15,90,PNP,"c(-100431.113591322, 157151.8386424)",1696.249023,14.870000839233398,621,0.8234681487083435,6.009334564208984
PNT1000008,cedar,0,2,NA,89,2,17.2,Pendola,2022,1999,2010,11,12,0,0,730,30,90,PNT,"c(-96005.887655541, 158788.155072717)",1325.621094,14.870000839233398,608,0.6552430391311646,7.101935386657715
PNT1000008,fir,0,0,NA,NA,0,16.1,Pendola,2022,1999,2010,11,12,0,0,730,30,90,PNT,"c(-96005.887655541, 158788.155072717)",1325.621094,14.870000839233398,608,0.6552430391311646,7.101935386657715
PNT1000008,pine,0,1,NA,7,1,40.7,Pendola,2022,1999,2010,11,12,0,0,730,30,90,PNT,"c(-96005.887655541, 158788.155072717)",1325.621094,14.870000839233398,608,0.6552430391311646,7.101935386657715
PNT1100077,cedar,5,11,20,57,6,1,Pendola,2022,1999,2011,12,11,0.25,0,4.2,15,50,PNT,"c(-97195.0844418369, 162786.496627785)",1547.0960693359375,13.860000610351563,916,0.8827946186065674,4.970213890075684
PNT1100077,fir,5,4,48,73,-1,12.1,Pendola,2022,1999,2011,12,11,0.25,0,4.2,15,50,PNT,"c(-97195.0844418369, 162786.496627785)",1547.0960693359375,13.860000610351563,916,0.8827946186065674,4.970213890075684
PNT1100077,pine,0,0,NA,NA,0,14,Pendola,2022,1999,2011,12,11,0.25,0,4.2,15,50,PNT,"c(-97195.0844418369, 162786.496627785)",1547.0960693359375,13.860000610351563,916,0.8827946186065674,4.970213890075684
PWR1400008,cedar,1,9,80,72,8,12.3,Power,2022,2004,2014,10,8,7,0.25,113,65,0,PWR,"c(-18305.1478901584, 56741.3906726819)",2150.453125,9.930000305175781,1879,0.8534626960754395,7.254929542541504
PWR1400008,fir,0,1,NA,49,1,13.6,Power,2022,2004,2014,10,8,7,0.25,113,65,0,PWR,"c(-18305.1478901584, 56741.3906726819)",2150.453125,9.930000305175781,1879,0.8534626960754395,7.254929542541504
PWR1400008,pine,0,0,NA,NA,0,27.3,Power,2022,2004,2014,10,8,7,0.25,113,65,0,PWR,"c(-18305.1478901584, 56741.3906726819)",2150.453125,9.930000305175781,1879,0.8534626960754395,7.254929542541504
PWR1400027,cedar,0,0,NA,NA,0,89.6,Power,2022,2004,2014,10,8,0,0.25,111.77777777777777,86,6,PWR,"c(-15112.0454848953, 55539.3811371396)",1916.756103515625,9.780000686645508,1906,0.8669536113739014,5.081385135650635
PWR1400027,fir,0,0,NA,NA,0,135,Power,2022,2004,2014,10,8,0,0.25,111.77777777777777,86,6,PWR,"c(-15112.0454848953, 55539.3811371396)",1916.756103515625,9.780000686645508,1906,0.8669536113739014,5.081385135650635
PWR1400027,pine,0,0,NA,NA,0,185.2,Power,2022,2004,2014,10,8,0,0.25,111.77777777777777,86,6,PWR,"c(-15112.0454848953, 55539.3811371396)",1916.756103515625,9.780000686645508,1906,0.8669536113739014,5.081385135650635
PWR1400065,cedar,0,0,NA,NA,0,35.7,Power,2022,2004,2014,10,8,3,0.25,190.8,90,0,PWR,"c(-19315.2963563332, 54732.1326440684)",1556.110107421875,10.730000495910645,1697,0.9692310690879822,5.439593315124512
PWR1400065,fir,0,0,NA,NA,0,30,Power,2022,2004,2014,10,8,3,0.25,190.8,90,0,PWR,"c(-19315.2963563332, 54732.1326440684)",1556.110107421875,10.730000495910645,1697,0.9692310690879822,5.439593315124512
PWR1400065,pine,3,7,45,73.5,4,19,Power,2022,2004,2014,10,8,3,0.25,190.8,90,0,PWR,"c(-19315.2963563332, 54732.1326440684)",1556.110107421875,10.730000495910645,1697,0.9692310690879822,5.439593315124512
PWR1400081,cedar,0,9,NA,7.5,9,23.8,Power,2022,2004,2014,10,8,2,0.25,93,28,24,PWR,"c(-19706.9965876908, 54542.5950200576)",1556.110107421875,10.730000495910645,1731,0.7154624462127686,5.165594577789307
PWR1400081,fir,0,0,NA,NA,0,81.5,Power,2022,2004,2014,10,8,2,0.25,93,28,24,PWR,"c(-19706.9965876908, 54542.5950200576)",1556.110107421875,10.730000495910645,1731,0.7154624462127686,5.165594577789307
PWR1400081,pine,0,0,NA,NA,0,18.5,Power,2022,2004,2014,10,8,2,0.25,93,28,24,PWR,"c(-19706.9965876908, 54542.5950200576)",1556.110107421875,10.730000495910645,1731,0.7154624462127686,5.165594577789307
PWR1400093,cedar,0,0,NA,NA,0,139,Power,2022,2004,2014,10,8,1,0.25,35,15,7,PWR,"c(-22709.1013641919, 54339.0716961483)",1474.3780517578125,10.920000076293945,1697,0.9470986127853394,4.976862907409668
PWR1400093,fir,0,0,NA,NA,0,Inf,Power,2022,2004,2014,10,8,1,0.25,35,15,7,PWR,"c(-22709.1013641919, 54339.0716961483)",1474.3780517578125,10.920000076293945,1697,0.9470986127853394,4.976862907409668
PWR1400093,pine,0,1,NA,48.5,1,18.1,Power,2022,2004,2014,10,8,1,0.25,35,15,7,PWR,"c(-22709.1013641919, 54339.0716961483)",1474.3780517578125,10.920000076293945,1697,0.9470986127853394,4.976862907409668
PWR1400103,cedar,0,2,NA,69,2,73.8,Power,2022,2004,2014,10,8,3,1,64.27272727272727,89,0,PWR,"c(-19916.2354656834, 54343.0947363158)",1556.110107421875,10.730000495910645,1700,0.8269776105880737,5.5121684074401855
PWR1400103,fir,0,0,NA,NA,0,304,Power,2022,2004,2014,10,8,3,1,64.27272727272727,89,0,PWR,"c(-19916.2354656834, 54343.0947363158)",1556.110107421875,10.730000495910645,1700,0.8269776105880737,5.5121684074401855
PWR1400103,pine,12,14,NA,79,2,75.4,Power,2022,2004,2014,10,8,3,1,64.27272727272727,89,0,PWR,"c(-19916.2354656834, 54343.0947363158)",1556.110107421875,10.730000495910645,1700,0.8269776105880737,5.5121684074401855
PWR1400143,cedar,0,0,NA,NA,0,122,Power,2022,2004,2014,10,8,1,3,52.4125,69,6,PWR,"c(-22915.823710553, 53940.160992126)",1292.3460693359375,12.000000953674316,1541,0.9851702451705933,6.872239112854004
PWR1400143,fir,0,0,NA,NA,0,Inf,Power,2022,2004,2014,10,8,1,3,52.4125,69,6,PWR,"c(-22915.823710553, 53940.160992126)",1292.3460693359375,12.000000953674316,1541,0.9851702451705933,6.872239112854004
PWR1400143,pine,0,0,NA,NA,0,109.4,Power,2022,2004,2014,10,8,1,3,52.4125,69,6,PWR,"c(-22915.823710553, 53940.160992126)",1292.3460693359375,12.000000953674316,1541,0.9851702451705933,6.872239112854004
PWR1400144,cedar,0,0,NA,NA,0,59.9,Power,2022,2004,2014,10,8,0,2,130.6153846153846,31,15,PWR,"c(-22714.944556725, 53943.6243109875)",1290.697021484375,12.210000991821289,1541,0.9906172752380371,5.0696187019348145
PWR1400144,fir,0,0,NA,NA,0,Inf,Power,2022,2004,2014,10,8,0,2,130.6153846153846,31,15,PWR,"c(-22714.944556725, 53943.6243109875)",1290.697021484375,12.210000991821289,1541,0.9906172752380371,5.0696187019348145
PWR1400144,pine,0,0,NA,NA,0,76.4,Power,2022,2004,2014,10,8,0,2,130.6153846153846,31,15,PWR,"c(-22714.944556725, 53943.6243109875)",1290.697021484375,12.210000991821289,1541,0.9906172752380371,5.0696187019348145
PWR1400145,cedar,0,0,NA,NA,0,393.3,Power,2022,2004,2014,10,8,0.25,3,51,50,19,PWR,"c(-22514.3254321466, 53939.0830106991)",1290.697021484375,12.210000991821289,1523,0.9860776662826538,5.039776802062988
PWR1400145,fir,0,0,NA,NA,0,Inf,Power,2022,2004,2014,10,8,0.25,3,51,50,19,PWR,"c(-22514.3254321466, 53939.0830106991)",1290.697021484375,12.210000991821289,1523,0.9860776662826538,5.039776802062988
PWR1400145,pine,0,0,NA,NA,0,133.8,Power,2022,2004,2014,10,8,0.25,3,51,50,19,PWR,"c(-22514.3254321466, 53939.0830106991)",1290.697021484375,12.210000991821289,1523,0.9860776662826538,5.039776802062988
PWR1400146,cedar,0,0,NA,NA,0,346.6,Power,2022,2004,2014,10,8,1,0,169.9264705882353,59,62,PWR,"c(-22314.6393804869, 53936.5752111599)",1290.697021484375,12.210000991821289,1523,0.99029541,6.061936855316162
PWR1400146,fir,0,0,NA,NA,0,Inf,Power,2022,2004,2014,10,8,1,0,169.9264705882353,59,62,PWR,"c(-22314.6393804869, 53936.5752111599)",1290.697021484375,12.210000991821289,1523,0.99029541,6.061936855316162
PWR1400146,pine,0,0,NA,NA,0,119.9,Power,2022,2004,2014,10,8,1,0,169.9264705882353,59,62,PWR,"c(-22314.6393804869, 53936.5752111599)",1290.697021484375,12.210000991821289,1523,0.99029541,6.061936855316162
PWR1400187,cedar,1,0,8,NA,-1,48.1,Power,2022,2004,2014,10,8,5,1,135.88888888888889,40,25,PWR,"c(-24113.4855532574, 53538.5115872333)",1287.197021484375,12.540000915527344,1476,0.6500688791275024,6.063945770263672
PWR1400187,fir,0,2,NA,9,2,66.2,Power,2022,2004,2014,10,8,5,1,135.88888888888889,40,25,PWR,"c(-24113.4855532574, 53538.5115872333)",1287.197021484375,12.540000915527344,1476,0.6500688791275024,6.063945770263672
PWR1400187,pine,0,2,NA,8,2,19.1,Power,2022,2004,2014,10,8,5,1,135.88888888888889,40,25,PWR,"c(-24113.4855532574, 53538.5115872333)",1287.197021484375,12.540000915527344,1476,0.6500688791275024,6.063945770263672
PWR1400222,cedar,0,0,NA,NA,0,50,Power,2022,2004,2014,10,8,0.25,0.25,207.56521739130434,95,0,PWR,"c(-24508.3604754565, 52943.4010737296)",1104.010009765625,12.350000381469727,1421,0.9150478839874268,5.091486454
PWR1400222,fir,0,0,NA,NA,0,Inf,Power,2022,2004,2014,10,8,0.25,0.25,207.56521739130434,95,0,PWR,"c(-24508.3604754565, 52943.4010737296)",1104.010009765625,12.350000381469727,1421,0.9150478839874268,5.091486454
PWR1400222,pine,1,1,37,64,0,52,Power,2022,2004,2014,10,8,0.25,0.25,207.56521739130434,95,0,PWR,"c(-24508.3604754565, 52943.4010737296)",1104.010009765625,12.350000381469727,1421,0.9150478839874268,5.091486454
PWR1400223,cedar,0,1,NA,39.5,1,10,Power,2022,2004,2014,10,8,3,2,40,80,11,PWR,"c(-24304.6491304082, 52941.7664903342)",1122.2969970703125,12.370000839233398,1497,0.9462893605232239,5.490236759185791
PWR1400223,fir,0,0,NA,NA,0,Inf,Power,2022,2004,2014,10,8,3,2,40,80,11,PWR,"c(-24304.6491304082, 52941.7664903342)",1122.2969970703125,12.370000839233398,1497,0.9462893605232239,5.490236759185791
PWR1400223,pine,2,1,12,73,-1,25.4,Power,2022,2004,2014,10,8,3,2,40,80,11,PWR,"c(-24304.6491304082, 52941.7664903342)",1122.2969970703125,12.370000839233398,1497,0.9462893605232239,5.490236759185791
PWR1400226,cedar,0,0,NA,NA,0,51.1,Power,2022,2004,2014,10,8,56,3,179,80,0,PWR,"c(-29734.670218407, 52750.1645916523)",1151.3780517578125,12.130000114440918,1503,0.8571100234985352,6.8536882400512695
PWR1400226,fir,0,0,NA,NA,0,104,Power,2022,2004,2014,10,8,56,3,179,80,0,PWR,"c(-29734.670218407, 52750.1645916523)",1151.3780517578125,12.130000114440918,1503,0.8571100234985352,6.8536882400512695
PWR1400226,pine,0,0,NA,NA,0,15.2,Power,2022,2004,2014,10,8,56,3,179,80,0,PWR,"c(-29734.670218407, 52750.1645916523)",1151.3780517578125,12.130000114440918,1503,0.8571100234985352,6.8536882400512695
PWR1400246,cedar,0,14,NA,8.5,14,38.8,Power,2022,2004,2014,10,8,65,60,213.66666666666666,25,0.25,PWR,"c(-30913.8822011341, 52363.8802073915)",1154.01709,12.890000343322754,1435,0.8689885139465332,7.804051399230957
PWR1400246,fir,0,3,NA,6,3,25.2,Power,2022,2004,2014,10,8,65,60,213.66666666666666,25,0.25,PWR,"c(-30913.8822011341, 52363.8802073915)",1154.01709,12.890000343322754,1435,0.8689885139465332,7.804051399230957
PWR1400246,pine,2,4,173,601,2,25.7,Power,2022,2004,2014,10,8,65,60,213.66666666666666,25,0.25,PWR,"c(-30913.8822011341, 52363.8802073915)",1154.01709,12.890000343322754,1435,0.8689885139465332,7.804051399230957
S_3A,cedar,0,0,NA,NA,0,NA,MNL,2022,2007,2014,7,8,42,13,69,41,0,MNL,"c(-53815.6155143813, 250791.230789692)",869.10601806640625,7.510000228881836,1997,0.7976194620132446,7.579751491546631
S_3A,fir,1,0,19,NA,-1,21.8,MNL,2022,2007,2014,7,8,42,13,69,41,0,MNL,"c(-53815.6155143813, 250791.230789692)",869.10601806640625,7.510000228881836,1997,0.7976194620132446,7.579751491546631
S_3A,pine,5,1,9.3000000000000007,26,-4,22.8,MNL,2022,2007,2014,7,8,42,13,69,41,0,MNL,"c(-53815.6155143813, 250791.230789692)",869.10601806640625,7.510000228881836,1997,0.7976194620132446,7.579751491546631
S_3B,cedar,0,0,NA,NA,0,280.2,MNL,2022,2007,2014,7,8,4,21,NA,0,0,MNL,"c(-59621.2341687489, 252675.266103215)",908.2940673828125,6.950000286102295,2092,0.8315789699554443,6.964805603027344
S_3B,fir,0,0,NA,NA,0,47.2,MNL,2022,2007,2014,7,8,4,21,NA,0,0,MNL,"c(-59621.2341687489, 252675.266103215)",908.2940673828125,6.950000286102295,2092,0.8315789699554443,6.964805603027344
S_3B,pine,0,0,NA,NA,0,22.3,MNL,2022,2007,2014,7,8,4,21,NA,0,0,MNL,"c(-59621.2341687489, 252675.266103215)",908.2940673828125,6.950000286102295,2092,0.8315789699554443,6.964805603027344
SHR001,cedar,0,0,NA,NA,0,NA,SHR,2019,2002,2009,7,10,0.5,1,90,40,NA,SHR,"c(-1555.92998325052, 85556.499785814)",1337.811035,6.410000324249268,2112,0.8001509308815002,5.067577838897705
SHR001,fir,35,10,NA,43,-25,19.1,SHR,2019,2002,2009,7,10,0.5,1,90,40,NA,SHR,"c(-1555.92998325052, 85556.499785814)",1337.811035,6.410000324249268,2112,0.8001509308815002,5.067577838897705
SHR001,pine,10,11,NA,50,1,5.1,SHR,2019,2002,2009,7,10,0.5,1,90,40,NA,SHR,"c(-1555.92998325052, 85556.499785814)",1337.811035,6.410000324249268,2112,0.8001509308815002,5.067577838897705
SHR002,cedar,0,0,NA,NA,0,NA,SHR,2019,2002,2009,7,10,NA,1,74,90,NA,SHR,"c(-1155.35423840753, 85557.7353608659)",1337.811035,6.410000324249268,2210,0.9759464859962463,5.428709506988525
SHR002,fir,0,0,NA,NA,0,12.6,SHR,2019,2002,2009,7,10,NA,1,74,90,NA,SHR,"c(-1155.35423840753, 85557.7353608659)",1337.811035,6.410000324249268,2210,0.9759464859962463,5.428709506988525
SHR002,pine,0,0,NA,NA,0,40,SHR,2019,2002,2009,7,10,NA,1,74,90,NA,SHR,"c(-1155.35423840753, 85557.7353608659)",1337.811035,6.410000324249268,2210,0.9759464859962463,5.428709506988525
SHR003,cedar,0,0,NA,NA,0,NA,SHR,2019,2002,2009,7,10,1,0.5,64,90,NA,SHR,"c(-955.637340523304, 85556.1791025861)",1350.893066,6.050000190734863,2259,0.8338476419448853,4.965432643890381
SHR003,fir,0,0,NA,NA,0,52,SHR,2019,2002,2009,7,10,1,0.5,64,90,NA,SHR,"c(-955.637340523304, 85556.1791025861)",1350.893066,6.050000190734863,2259,0.8338476419448853,4.965432643890381
SHR003,pine,2,0,NA,NA,-2,30.5,SHR,2019,2002,2009,7,10,1,0.5,64,90,NA,SHR,"c(-955.637340523304, 85556.1791025861)",1350.893066,6.050000190734863,2259,0.8338476419448853,4.965432643890381
SHR004,cedar,0,0,NA,NA,0,NA,SHR,2019,2002,2009,7,10,3,10,NA,56,NA,SHR,"c(-753.929990665919, 85554.4099350888)",1350.893066,6.050000190734863,2203,0.44445210695266724,7.253255844116211
SHR004,fir,58,49,NA,49,-9,54.5,SHR,2019,2002,2009,7,10,3,10,NA,56,NA,SHR,"c(-753.929990665919, 85554.4099350888)",1350.893066,6.050000190734863,2203,0.44445210695266724,7.253255844116211
SHR004,pine,18,6,NA,94,-12,51,SHR,2019,2002,2009,7,10,3,10,NA,56,NA,SHR,"c(-753.929990665919, 85554.4099350888)",1350.893066,6.050000190734863,2203,0.44445210695266724,7.253255844116211
SHR005,cedar,0,0,NA,NA,0,NA,SHR,2019,2002,2009,7,10,0.5,1,70,38,NA,SHR,"c(-1782.89999546266, 85366.3296821536)",1337.811035,6.410000324249268,2185,0.5037556290626526,6.139438152313232
SHR005,fir,7,0,5,NA,-7,50,SHR,2019,2002,2009,7,10,0.5,1,70,38,NA,SHR,"c(-1782.89999546266, 85366.3296821536)",1337.811035,6.410000324249268,2185,0.5037556290626526,6.139438152313232
SHR005,pine,3,4,6,27,1,8,SHR,2019,2002,2009,7,10,0.5,1,70,38,NA,SHR,"c(-1782.89999546266, 85366.3296821536)",1337.811035,6.410000324249268,2185,0.5037556290626526,6.139438152313232
SHR008,cedar,0,0,NA,NA,0,NA,SHR,2019,2002,2009,7,10,2,4,NA,67,NA,SHR,"c(-956.084426919009, 85359.4806870492)",1350.893066,6.050000190734863,2262,0.7657819390296936,8.231267929077148
SHR008,fir,34,0,33,NA,-34,45,SHR,2019,2002,2009,7,10,2,4,NA,67,NA,SHR,"c(-956.084426919009, 85359.4806870492)",1350.893066,6.050000190734863,2262,0.7657819390296936,8.231267929077148
SHR008,pine,2,0,6,NA,-2,41.5,SHR,2019,2002,2009,7,10,2,4,NA,67,NA,SHR,"c(-956.084426919009, 85359.4806870492)",1350.893066,6.050000190734863,2262,0.7657819390296936,8.231267929077148
SHR009,cedar,0,0,NA,NA,0,NA,SHR,2019,2002,2009,7,10,5,30,NA,21,NA,SHR,"c(-755.454068765872, 85355.3298788033)",1350.893066,6.050000190734863,2264,0.6947814226150513,6.438545227050781
SHR009,fir,0,92,NA,72,92,11.5,SHR,2019,2002,2009,7,10,5,30,NA,21,NA,SHR,"c(-755.454068765872, 85355.3298788033)",1350.893066,6.050000190734863,2264,0.6947814226150513,6.438545227050781
SHR009,pine,74,9,67,330,-65,53.5,SHR,2019,2002,2009,7,10,5,30,NA,21,NA,SHR,"c(-755.454068765872, 85355.3298788033)",1350.893066,6.050000190734863,2264,0.6947814226150513,6.438545227050781
SHR010,cedar,0,0,NA,NA,0,NA,SHR,2019,2002,2009,7,10,1,2,NA,43,NA,SHR,"c(-1776.77793551779, 85156.6873547928)",1337.811035,6.410000324249268,2225,0.6267901659011841,5.595617294311523
SHR010,fir,1,2,3,48,1,50.5,SHR,2019,2002,2009,7,10,1,2,NA,43,NA,SHR,"c(-1776.77793551779, 85156.6873547928)",1337.811035,6.410000324249268,2225,0.6267901659011841,5.595617294311523
SHR010,pine,0,3,NA,28,3,51,SHR,2019,2002,2009,7,10,1,2,NA,43,NA,SHR,"c(-1776.77793551779, 85156.6873547928)",1337.811035,6.410000324249268,2225,0.6267901659011841,5.595617294311523
SHR012,cedar,0,0,NA,NA,0,NA,SHR,2019,2002,2009,7,10,0.5,1,NA,55.5,NA,SHR,"c(-1979.83336105541, 84964.7327310024)",1340.549072265625,6.450000286102295,2300,0.7648273706436157,5.774532318115234
SHR012,fir,1,1,4,62,0,20.5,SHR,2019,2002,2009,7,10,0.5,1,NA,55.5,NA,SHR,"c(-1979.83336105541, 84964.7327310024)",1340.549072265625,6.450000286102295,2300,0.7648273706436157,5.774532318115234
SHR012,pine,7,4,4,9,-3,16,SHR,2019,2002,2009,7,10,0.5,1,NA,55.5,NA,SHR,"c(-1979.83336105541, 84964.7327310024)",1340.549072265625,6.450000286102295,2300,0.7648273706436157,5.774532318115234
SHR014,cedar,0,0,NA,NA,0,NA,SHR,2019,2002,2009,7,10,0.5,0.5,NA,80,NA,SHR,"c(-1583.65266743198, 84953.7591722095)",1337.811035,6.410000324249268,2234,0.8122360706329346,5.72869873
SHR014,fir,6,2,12,47,-4,82.5,SHR,2019,2002,2009,7,10,0.5,0.5,NA,80,NA,SHR,"c(-1583.65266743198, 84953.7591722095)",1337.811035,6.410000324249268,2234,0.8122360706329346,5.72869873
SHR014,pine,2,0,3,NA,-2,24,SHR,2019,2002,2009,7,10,0.5,0.5,NA,80,NA,SHR,"c(-1583.65266743198, 84953.7591722095)",1337.811035,6.410000324249268,2234,0.8122360706329346,5.72869873
SIM001,cedar,0,0,NA,NA,0,NA,SIM,2016,2004,2010,6,6,0.5,0.5,147.27272727272728,30,10,SIM,"c(-300819.680044053, 306107.869534276)",1428.568115234375,12.910000801086426,481,0.687493622,6.394712448120117
SIM001,Douglas-fir,34,25,60,135,-9,3,SIM,2016,2004,2010,6,6,0.5,0.5,147.27272727272728,30,10,SIM,"c(-300819.680044053, 306107.869534276)",1428.568115234375,12.910000801086426,481,0.687493622,6.394712448120117
SIM001,pine,0,0,NA,NA,0,NA,SIM,2016,2004,2010,6,6,0.5,0.5,147.27272727272728,30,10,SIM,"c(-300819.680044053, 306107.869534276)",1428.568115234375,12.910000801086426,481,0.687493622,6.394712448120117
SIM003,cedar,0,0,NA,NA,0,NA,SIM,2016,2004,2010,6,6,0,1,72.22222222222223,30,30,SIM,"c(-300815.760813097, 305885.848907742)",1428.568115234375,12.910000801086426,522,0.7778576016426086,5.519920349121094
SIM003,Douglas-fir,54,42,55,400,-12,NA,SIM,2016,2004,2010,6,6,0,1,72.22222222222223,30,30,SIM,"c(-300815.760813097, 305885.848907742)",1428.568115234375,12.910000801086426,522,0.7778576016426086,5.519920349121094
SIM003,pine,0,0,NA,NA,0,NA,SIM,2016,2004,2010,6,6,0,1,72.22222222222223,30,30,SIM,"c(-300815.760813097, 305885.848907742)",1428.568115234375,12.910000801086426,522,0.7778576016426086,5.519920349121094
SIM006,cedar,0,0,NA,NA,0,NA,SIM,2016,2004,2010,6,6,0.5,0.5,NA,5,75,SIM,"c(-300814.439433343, 305707.656224501)",1428.568115234375,12.910000801086426,531,0.8572784662246704,6.5310282707214355
SIM006,Douglas-fir,113,17,130,210,-96,NA,SIM,2016,2004,2010,6,6,0.5,0.5,NA,5,75,SIM,"c(-300814.439433343, 305707.656224501)",1428.568115234375,12.910000801086426,531,0.8572784662246704,6.5310282707214355
SIM006,pine,0,0,NA,NA,0,NA,SIM,2016,2004,2010,6,6,0.5,0.5,NA,5,75,SIM,"c(-300814.439433343, 305707.656224501)",1428.568115234375,12.910000801086426,531,0.8572784662246704,6.5310282707214355
SIM008,cedar,1,2,50,130,1,45,SIM,2016,2004,2010,6,6,8,7,178.28947368421052,70,15,SIM,"c(-299615.120386329, 305704.157895691)",1315.8460693359375,13.200000762939453,548,0.5699574947357178,7.909675598144531
SIM008,Douglas-fir,13,11,60,200,-2,NA,SIM,2016,2004,2010,6,6,8,7,178.28947368421052,70,15,SIM,"c(-299615.120386329, 305704.157895691)",1315.8460693359375,13.200000762939453,548,0.5699574947357178,7.909675598144531
SIM008,pine,0,0,NA,NA,0,NA,SIM,2016,2004,2010,6,6,8,7,178.28947368421052,70,15,SIM,"c(-299615.120386329, 305704.157895691)",1315.8460693359375,13.200000762939453,548,0.5699574947357178,7.909675598144531
SIM015,cedar,1,0,13,NA,-1,63,SIM,2016,2004,2010,6,6,70,10,60,2,0,SIM,"c(-299623.227949221, 305495.90969248)",1315.8460693359375,13.200000762939453,630,0.520278275,7.3298797607421875
SIM015,Douglas-fir,16,10,30,150,-6,NA,SIM,2016,2004,2010,6,6,70,10,60,2,0,SIM,"c(-299623.227949221, 305495.90969248)",1315.8460693359375,13.200000762939453,630,0.520278275,7.3298797607421875
SIM015,pine,0,0,NA,NA,0,54,SIM,2016,2004,2010,6,6,70,10,60,2,0,SIM,"c(-299623.227949221, 305495.90969248)",1315.8460693359375,13.200000762939453,630,0.520278275,7.3298797607421875
SIM017,cedar,0,0,NA,NA,0,NA,SIM,2016,2004,2010,6,6,0.5,0.5,100,13,11,SIM,"c(-299271.438249752, 305505.416695842)",1245.4320068359375,13.070000648498535,584,0.5612730383872986,6.489964962005615
SIM017,Douglas-fir,20,20,150,NA,0,28,SIM,2016,2004,2010,6,6,0.5,0.5,100,13,11,SIM,"c(-299271.438249752, 305505.416695842)",1245.4320068359375,13.070000648498535,584,0.5612730383872986,6.489964962005615
SIM017,pine,0,0,NA,NA,0,NA,SIM,2016,2004,2010,6,6,0.5,0.5,100,13,11,SIM,"c(-299271.438249752, 305505.416695842)",1245.4320068359375,13.070000648498535,584,0.5612730383872986,6.489964962005615
SIM018,cedar,0,0,NA,NA,0,NA,SIM,2016,2004,2010,6,6,0,0.5,NA,0.5,40,SIM,"c(-302082.941827027, 305137.815786832)",1527.727051,13.070000648498535,635,0.6305006146430969,7.158786773681641
SIM018,Douglas-fir,36,15,21,38,-21,1.6,SIM,2016,2004,2010,6,6,0,0.5,NA,0.5,40,SIM,"c(-302082.941827027, 305137.815786832)",1527.727051,13.070000648498535,635,0.6305006146430969,7.158786773681641
SIM018,pine,0,0,NA,NA,0,NA,SIM,2016,2004,2010,6,6,0,0.5,NA,0.5,40,SIM,"c(-302082.941827027, 305137.815786832)",1527.727051,13.070000648498535,635,0.6305006146430969,7.158786773681641
SIM024,cedar,0,0,NA,NA,0,NA,SIM,2016,2004,2010,6,6,92,3,155.66666666666666,7,1,SIM,"c(-299822.027281613, 305298.113053251)",1315.8460693359375,13.200000762939453,704,0.5725467205047607,8.943670272827148
SIM024,Douglas-fir,9,10,26,60,1,NA,SIM,2016,2004,2010,6,6,92,3,155.66666666666666,7,1,SIM,"c(-299822.027281613, 305298.113053251)",1315.8460693359375,13.200000762939453,704,0.5725467205047607,8.943670272827148
SIM024,pine,1,0,30,NA,-1,NA,SIM,2016,2004,2010,6,6,92,3,155.66666666666666,7,1,SIM,"c(-299822.027281613, 305298.113053251)",1315.8460693359375,13.200000762939453,704,0.5725467205047607,8.943670272827148
SIM025,cedar,0,0,NA,NA,0,NA,SIM,2016,2004,2010,6,6,40,20,NA,20,0,SIM,"c(-299616.395796808, 305292.588365682)",1315.8460693359375,13.200000762939453,679,0.5748574137687683,7.117684841156006
SIM025,Douglas-fir,3,3,35,75,0,NA,SIM,2016,2004,2010,6,6,40,20,NA,20,0,SIM,"c(-299616.395796808, 305292.588365682)",1315.8460693359375,13.200000762939453,679,0.5748574137687683,7.117684841156006
SIM025,pine,0,0,NA,NA,0,NA,SIM,2016,2004,2010,6,6,40,20,NA,20,0,SIM,"c(-299616.395796808, 305292.588365682)",1315.8460693359375,13.200000762939453,679,0.5748574137687683,7.117684841156006
SIM026,cedar,0,0,NA,NA,0,NA,SIM,2016,2004,2010,6,6,0.5,0.5,NA,25,10,SIM,"c(-299293.897721211, 305331.006948957)",1245.4320068359375,13.070000648498535,651,0.46644458174705505,5.218530654907227
SIM026,Douglas-fir,3,4,50,90,1,58.4,SIM,2016,2004,2010,6,6,0.5,0.5,NA,25,10,SIM,"c(-299293.897721211, 305331.006948957)",1245.4320068359375,13.070000648498535,651,0.46644458174705505,5.218530654907227
SIM026,pine,0,0,NA,NA,0,NA,SIM,2016,2004,2010,6,6,0.5,0.5,NA,25,10,SIM,"c(-299293.897721211, 305331.006948957)",1245.4320068359375,13.070000648498535,651,0.46644458174705505,5.218530654907227
SIM027,cedar,0,0,NA,NA,0,NA,SIM,2016,2004,2010,6,6,2,0.5,NA,8,13,SIM,"c(-300025.536804798, 305101.733459291)",1397.1920166015625,12.750000953674316,789,0.5369116067886353,4.357925891876221
SIM027,Douglas-fir,10,5,30,69,-5,5.1,SIM,2016,2004,2010,6,6,2,0.5,NA,8,13,SIM,"c(-300025.536804798, 305101.733459291)",1397.1920166015625,12.750000953674316,789,0.5369116067886353,4.357925891876221
SIM027,pine,0,0,NA,NA,0,NA,SIM,2016,2004,2010,6,6,2,0.5,NA,8,13,SIM,"c(-300025.536804798, 305101.733459291)",1397.1920166015625,12.750000953674316,789,0.5369116067886353,4.357925891876221
SIM030,cedar,0,0,NA,NA,0,NA,SIM,2016,2004,2010,6,6,0.5,0.5,128.10526315789474,70,15,SIM,"c(-300369.272767481, 304971.306285018)",1484.476074,12.920001029968262,843,0.6803020238876343,4.512749195098877
SIM030,Douglas-fir,0,0,NA,NA,0,NA,SIM,2016,2004,2010,6,6,0.5,0.5,128.10526315789474,70,15,SIM,"c(-300369.272767481, 304971.306285018)",1484.476074,12.920001029968262,843,0.6803020238876343,4.512749195098877
SIM030,pine,3,1,70,160,-2,NA,SIM,2016,2004,2010,6,6,0.5,0.5,128.10526315789474,70,15,SIM,"c(-300369.272767481, 304971.306285018)",1484.476074,12.920001029968262,843,0.6803020238876343,4.512749195098877
SIM031,cedar,0,0,NA,NA,0,NA,SIM,2016,2004,2010,6,6,0,1,NA,4,55,SIM,"c(-300238.42385716, 305090.302816118)",1397.1920166015625,12.750000953674316,829,0.6399112939834595,4.1828460693359375
SIM031,Douglas-fir,22,7,150,300,-15,NA,SIM,2016,2004,2010,6,6,0,1,NA,4,55,SIM,"c(-300238.42385716, 305090.302816118)",1397.1920166015625,12.750000953674316,829,0.6399112939834595,4.1828460693359375
SIM031,pine,0,3,NA,58,3,NA,SIM,2016,2004,2010,6,6,0,1,NA,4,55,SIM,"c(-300238.42385716, 305090.302816118)",1397.1920166015625,12.750000953674316,829,0.6399112939834595,4.1828460693359375
SIM032,cedar,0,0,NA,NA,0,NA,SIM,2016,2004,2010,6,6,0.5,1,58.25,1,34,SIM,"c(-300025.536804798, 305101.733459291)",1397.1920166015625,12.750000953674316,789,0.5369116067886353,4.357925891876221
SIM032,Douglas-fir,1,6,20,75,5,NA,SIM,2016,2004,2010,6,6,0.5,1,58.25,1,34,SIM,"c(-300025.536804798, 305101.733459291)",1397.1920166015625,12.750000953674316,789,0.5369116067886353,4.357925891876221
SIM032,pine,0,0,NA,NA,0,NA,SIM,2016,2004,2010,6,6,0.5,1,58.25,1,34,SIM,"c(-300025.536804798, 305101.733459291)",1397.1920166015625,12.750000953674316,789,0.5369116067886353,4.357925891876221
SIM033,cedar,0,0,NA,NA,0,NA,SIM,2016,2004,2010,6,6,75,20,NA,2,0,SIM,"c(-299810.69732463, 305114.453609306)",1397.1920166015625,12.750000953674316,744,0.6097292900085449,5.887216567993164
SIM033,Douglas-fir,0,0,NA,NA,0,NA,SIM,2016,2004,2010,6,6,75,20,NA,2,0,SIM,"c(-299810.69732463, 305114.453609306)",1397.1920166015625,12.750000953674316,744,0.6097292900085449,5.887216567993164
SIM033,pine,1,2,30,140,1,NA,SIM,2016,2004,2010,6,6,75,20,NA,2,0,SIM,"c(-299810.69732463, 305114.453609306)",1397.1920166015625,12.750000953674316,744,0.6097292900085449,5.887216567993164
SIM034,cedar,0,0,NA,NA,0,NA,SIM,2016,2004,2010,6,6,40,5,120,22,0,SIM,"c(-299618.708508669, 305097.777147778)",1327.2220458984375,13.290000915527344,731,0.7060455679893494,6.821415424346924
SIM034,Douglas-fir,1,0,12,NA,-1,NA,SIM,2016,2004,2010,6,6,40,5,120,22,0,SIM,"c(-299618.708508669, 305097.777147778)",1327.2220458984375,13.290000915527344,731,0.7060455679893494,6.821415424346924
SIM034,pine,0,1,NA,40,1,NA,SIM,2016,2004,2010,6,6,40,5,120,22,0,SIM,"c(-299618.708508669, 305097.777147778)",1327.2220458984375,13.290000915527344,731,0.7060455679893494,6.821415424346924
SIM037,cedar,0,0,NA,NA,0,NA,SIM,2016,2004,2010,6,6,0,5,NA,15,75,SIM,"c(-300221.344916876, 304899.649455671)",1397.1920166015625,12.750000953674316,869,0.7060455679893494,6.128268241882324
SIM037,Douglas-fir,1,0,90,NA,-1,NA,SIM,2016,2004,2010,6,6,0,5,NA,15,75,SIM,"c(-300221.344916876, 304899.649455671)",1397.1920166015625,12.750000953674316,869,0.7060455679893494,6.128268241882324
SIM037,pine,0,3,NA,350,3,NA,SIM,2016,2004,2010,6,6,0,5,NA,15,75,SIM,"c(-300221.344916876, 304899.649455671)",1397.1920166015625,12.750000953674316,869,0.7060455679893494,6.128268241882324
SIM038,cedar,0,0,NA,NA,0,NA,SIM,2016,2004,2010,6,6,0,0,65,1,40,SIM,"c(-299824.209355235, 304901.749873073)",1397.1920166015625,12.750000953674316,789,0.6638145446777344,5.899333477020264
SIM038,Douglas-fir,1,4,70,320,3,NA,SIM,2016,2004,2010,6,6,0,0,65,1,40,SIM,"c(-299824.209355235, 304901.749873073)",1397.1920166015625,12.750000953674316,789,0.6638145446777344,5.899333477020264
SIM038,pine,0,0,NA,NA,0,NA,SIM,2016,2004,2010,6,6,0,0,65,1,40,SIM,"c(-299824.209355235, 304901.749873073)",1397.1920166015625,12.750000953674316,789,0.6638145446777344,5.899333477020264
SIM048,cedar,0,0,NA,NA,0,NA,SIM,2016,2004,2010,6,6,1,0.5,48.18181818181818,5,75,SIM,"c(-301023.106529623, 304493.371512555)",1484.476074,12.920001029968262,770,0.6741244792938232,5.778871536254883
SIM048,Douglas-fir,16,35,107,300,19,49,SIM,2016,2004,2010,6,6,1,0.5,48.18181818181818,5,75,SIM,"c(-301023.106529623, 304493.371512555)",1484.476074,12.920001029968262,770,0.6741244792938232,5.778871536254883
SIM048,pine,0,0,NA,NA,0,NA,SIM,2016,2004,2010,6,6,1,0.5,48.18181818181818,5,75,SIM,"c(-301023.106529623, 304493.371512555)",1484.476074,12.920001029968262,770,0.6741244792938232,5.778871536254883
SIM052,cedar,0,0,NA,NA,0,NA,SIM,2016,2004,2010,6,6,0.5,3,170.41666666666666,5,50,SIM,"c(-301023.319558049, 304299.684282862)",1552.675048828125,12.220000267028809,833,0.7750521302223206,6.391387939453125
SIM052,Douglas-fir,7,7,67,30,0,97,SIM,2016,2004,2010,6,6,0.5,3,170.41666666666666,5,50,SIM,"c(-301023.319558049, 304299.684282862)",1552.675048828125,12.220000267028809,833,0.7750521302223206,6.391387939453125
SIM052,pine,0,0,NA,NA,0,NA,SIM,2016,2004,2010,6,6,0.5,3,170.41666666666666,5,50,SIM,"c(-301023.319558049, 304299.684282862)",1552.675048828125,12.220000267028809,833,0.7750521302223206,6.391387939453125
SIM053,cedar,0,0,NA,NA,0,NA,SIM,2016,2004,2010,6,6,7.5,7.5,148.875,40,5,SIM,"c(-300825.164162199, 304300.078546043)",1552.675048828125,12.220000267028809,905,0.7782027125358582,6.232677936553955
SIM053,Douglas-fir,1,1,62,90,0,44.8,SIM,2016,2004,2010,6,6,7.5,7.5,148.875,40,5,SIM,"c(-300825.164162199, 304300.078546043)",1552.675048828125,12.220000267028809,905,0.7782027125358582,6.232677936553955
SIM053,pine,0,0,NA,NA,0,NA,SIM,2016,2004,2010,6,6,7.5,7.5,148.875,40,5,SIM,"c(-300825.164162199, 304300.078546043)",1552.675048828125,12.220000267028809,905,0.7782027125358582,6.232677936553955
SIM058,cedar,0,0,NA,NA,0,NA,SIM,2016,2004,2010,6,6,0.5,0.5,NA,30,60,SIM,"c(-300856.227772717, 304154.96366617)",1552.675048828125,12.220000267028809,905,0.873760462,5.404729366
SIM058,Douglas-fir,1,1,40,145,0,140,SIM,2016,2004,2010,6,6,0.5,0.5,NA,30,60,SIM,"c(-300856.227772717, 304154.96366617)",1552.675048828125,12.220000267028809,905,0.873760462,5.404729366
SIM058,pine,0,0,NA,NA,0,NA,SIM,2016,2004,2010,6,6,0.5,0.5,NA,30,60,SIM,"c(-300856.227772717, 304154.96366617)",1552.675048828125,12.220000267028809,905,0.873760462,5.404729366
SIM059,cedar,0,0,NA,NA,0,NA,SIM,2016,2004,2010,6,6,0.5,0.5,120,10,40,SIM,"c(-300820.40925401, 304101.352818671)",1552.675048828125,12.220000267028809,937,0.6593313813209534,3.8945374488830566
SIM059,Douglas-fir,2,5,53,80,3,200,SIM,2016,2004,2010,6,6,0.5,0.5,120,10,40,SIM,"c(-300820.40925401, 304101.352818671)",1552.675048828125,12.220000267028809,937,0.6593313813209534,3.8945374488830566
SIM059,pine,0,0,NA,NA,0,NA,SIM,2016,2004,2010,6,6,0.5,0.5,120,10,40,SIM,"c(-300820.40925401, 304101.352818671)",1552.675048828125,12.220000267028809,937,0.6593313813209534,3.8945374488830566
SIM062,cedar,0,0,NA,NA,0,NA,SIM,2016,2004,2010,6,6,0.5,0.5,230,5,70,SIM,"c(-299819.961477817, 304100.474787775)",1493.207031,12.74000072479248,749,0.506138802,6.232677936553955
SIM062,Douglas-fir,42,34,29.5,250,-8,60,SIM,2016,2004,2010,6,6,0.5,0.5,230,5,70,SIM,"c(-299819.961477817, 304100.474787775)",1493.207031,12.74000072479248,749,0.506138802,6.232677936553955
SIM062,pine,0,0,NA,NA,0,NA,SIM,2016,2004,2010,6,6,0.5,0.5,230,5,70,SIM,"c(-299819.961477817, 304100.474787775)",1493.207031,12.74000072479248,749,0.506138802,6.232677936553955
SIM063,cedar,0,0,NA,NA,0,NA,SIM,2016,2004,2010,6,6,8,12,82,2,90,SIM,"c(-299612.557315227, 304109.49386013)",1387.060059,13.100000381469727,659,0.5708493590354919,7.646094799041748
SIM063,Douglas-fir,2,1,15,75,-1,NA,SIM,2016,2004,2010,6,6,8,12,82,2,90,SIM,"c(-299612.557315227, 304109.49386013)",1387.060059,13.100000381469727,659,0.5708493590354919,7.646094799041748
SIM063,pine,0,0,NA,NA,0,NA,SIM,2016,2004,2010,6,6,8,12,82,2,90,SIM,"c(-299612.557315227, 304109.49386013)",1387.060059,13.100000381469727,659,0.5708493590354919,7.646094799041748
SIM068,cedar,0,1,NA,30,1,60,SIM,2016,2004,2010,6,6,3,0.5,95.65217391304348,20,30,SIM,"c(-299827.262284657, 303695.050586847)",1493.207031,12.74000072479248,803,0.5790138244628906,4.456720829
SIM068,Douglas-fir,1,5,8,250,4,101,SIM,2016,2004,2010,6,6,3,0.5,95.65217391304348,20,30,SIM,"c(-299827.262284657, 303695.050586847)",1493.207031,12.74000072479248,803,0.5790138244628906,4.456720829
SIM068,pine,0,0,NA,NA,0,NA,SIM,2016,2004,2010,6,6,3,0.5,95.65217391304348,20,30,SIM,"c(-299827.262284657, 303695.050586847)",1493.207031,12.74000072479248,803,0.5790138244628906,4.456720829
SIM069,cedar,0,0,NA,NA,0,NA,SIM,2016,2004,2010,6,6,0,0,218.75,15,50,SIM,"c(-299621.810945993, 303703.109889193)",1387.060059,13.100000381469727,760,0.6375465989112854,4.940679073
SIM069,Douglas-fir,11,14,83,300,3,200,SIM,2016,2004,2010,6,6,0,0,218.75,15,50,SIM,"c(-299621.810945993, 303703.109889193)",1387.060059,13.100000381469727,760,0.6375465989112854,4.940679073
SIM069,pine,0,0,NA,NA,0,NA,SIM,2016,2004,2010,6,6,0,0,218.75,15,50,SIM,"c(-299621.810945993, 303703.109889193)",1387.060059,13.100000381469727,760,0.6375465989112854,4.940679073
SIM080,cedar,0,0,NA,NA,0,NA,SIM,2017,2004,2010,6,7,4,1.5,176.66666666666666,45,10,SIM,"c(-298426.886563108, 303099.80081417)",1250.902099609375,13.09000015258789,629,0.4985148012638092,5.159842014312744
SIM080,Douglas-fir,8,0,50,NA,-8,250,SIM,2017,2004,2010,6,7,4,1.5,176.66666666666666,45,10,SIM,"c(-298426.886563108, 303099.80081417)",1250.902099609375,13.09000015258789,629,0.4985148012638092,5.159842014312744
SIM080,pine,0,0,NA,NA,0,NA,SIM,2017,2004,2010,6,7,4,1.5,176.66666666666666,45,10,SIM,"c(-298426.886563108, 303099.80081417)",1250.902099609375,13.09000015258789,629,0.4985148012638092,5.159842014312744
SIM091,cedar,0,0,NA,NA,0,NA,SIM,2017,2004,2010,6,7,5,55,73.66666666666667,2,10,SIM,"c(-299621.245104809, 302307.418162772)",1517.8160400390625,12.100000381469727,945,0.6666185259819031,4.427624225616455
SIM091,Douglas-fir,0,2,NA,15,2,83,SIM,2017,2004,2010,6,7,5,55,73.66666666666667,2,10,SIM,"c(-299621.245104809, 302307.418162772)",1517.8160400390625,12.100000381469727,945,0.6666185259819031,4.427624225616455
SIM091,pine,0,0,NA,NA,0,28,SIM,2017,2004,2010,6,7,5,55,73.66666666666667,2,10,SIM,"c(-299621.245104809, 302307.418162772)",1517.8160400390625,12.100000381469727,945,0.6666185259819031,4.427624225616455
SW_3,cedar,0,0,NA,NA,0,78.1,MNL,2022,2007,2014,7,8,24,0.25,122,47,0,MNL,"c(-54358.2549405169, 246400.249098854)",726.51800537109375,8.119000434875488,1646,0.8794112205505371,5.588750839233398
SW_3,fir,0,0,NA,NA,0,28.1,MNL,2022,2007,2014,7,8,24,0.25,122,47,0,MNL,"c(-54358.2549405169, 246400.249098854)",726.51800537109375,8.119000434875488,1646,0.8794112205505371,5.588750839233398
SW_3,pine,1,2,NA,67,1,8,MNL,2022,2007,2014,7,8,24,0.25,122,47,0,MNL,"c(-54358.2549405169, 246400.249098854)",726.51800537109375,8.119000434875488,1646,0.8794112205505371,5.588750839233398
W_5,cedar,0,1,NA,6.5,1,9.6,MNL,2022,2007,2014,7,8,2,1,121.33333333333333,61,0,MNL,"c(-53025.8983880298, 244155.153973617)",658.04302978515625,8.410000801086426,1707,0.9051710963249207,4.797309875488281
W_5,fir,0,0,NA,NA,0,38.3,MNL,2022,2007,2014,7,8,2,1,121.33333333333333,61,0,MNL,"c(-53025.8983880298, 244155.153973617)",658.04302978515625,8.410000801086426,1707,0.9051710963249207,4.797309875488281
W_5,pine,8,3,7.5,74,-5,21.4,MNL,2022,2007,2014,7,8,2,1,121.33333333333333,61,0,MNL,"c(-53025.8983880298, 244155.153973617)",658.04302978515625,8.410000801086426,1707,0.9051710963249207,4.797309875488281
W_6,cedar,0,0,NA,NA,0,301,MNL,2022,2007,2014,7,8,2,16,102,48,0,MNL,"c(-55518.9639762307, 247195.549026723)",741.48004150390625,8.640000343322754,1697,0.9805512428283691,5.2091898918151855
W_6,fir,0,0,NA,NA,0,107.1,MNL,2022,2007,2014,7,8,2,16,102,48,0,MNL,"c(-55518.9639762307, 247195.549026723)",741.48004150390625,8.640000343322754,1697,0.9805512428283691,5.2091898918151855
W_6,pine,0,0,NA,NA,0,111.9,MNL,2022,2007,2014,7,8,2,16,102,48,0,MNL,"c(-55518.9639762307, 247195.549026723)",741.48004150390625,8.640000343322754,1697,0.9805512428283691,5.2091898918151855
W_7A,cedar,0,0,NA,NA,0,466,MNL,2022,2007,2014,7,8,10,12,98.71739130434783,41,8,MNL,"c(-55152.8524896717, 246626.923707425)",714.84002685546875,8.140000343322754,1675,0.8994548916816711,6.916843891143799
W_7A,fir,0,0,NA,NA,0,310.2,MNL,2022,2007,2014,7,8,10,12,98.71739130434783,41,8,MNL,"c(-55152.8524896717, 246626.923707425)",714.84002685546875,8.140000343322754,1675,0.8994548916816711,6.916843891143799
W_7A,pine,2,2,81,98,0,115.2,MNL,2022,2007,2014,7,8,10,12,98.71739130434783,41,8,MNL,"c(-55152.8524896717, 246626.923707425)",714.84002685546875,8.140000343322754,1675,0.8994548916816711,6.916843891143799
